Kategori,Model,RMSE,MAE,MAPE
Hydro,Naive_lag1,98.46913276724081,64.96770833333333,15.77387048540386
Hydro,SeasonalNaive_lag12,111.49217796969361,94.77199166666666,25.62168090811711
Hydro,SeasonalNaive_x_rasio_kapasitas,106.87018617864072,89.63099604253142,26.13959536901208
Solar,Naive_lag1,0.28671824293778964,0.2372916666666667,12.277630218990828
Solar,SeasonalNaive_lag12,0.29007758301300474,0.25074166666666664,12.575833335093076
Solar,SeasonalNaive_x_rasio_kapasitas,0.17612618768231844,0.13497594842434518,7.21858364622767
Wind,Naive_lag1,10.42297501911842,7.328991666666666,13.68589456931946
Wind,SeasonalNaive_lag12,9.845535551626094,7.831133333333334,14.069064819328094
Wind,SeasonalNaive_x_rasio_kapasitas,9.04982041226694,8.174625000000004,14.601911215075
